{"ip":"195.178.110.68","network":"195.178.110.0\/24","version":"IPv4","city":"Andorra la Vella","region":"Andorra la Vella","region_code":"7","country":"AD","country_name":"Andorra","country_code":"AD","country_code_iso3":"AND","country_capital":"Andorra la Vella","country_tld":".ad","continent_code":"EU","in_eu":false,"postal":"AD500","latitude":42.5,"longitude":1.5,"timezone":"Europe\/Andorra","utc_offset":"+0200","country_calling_code":"+376","currency":"EUR","currency_name":"Euro","languages":"ca","country_area":468,"country_population":77006,"asn":"AS48090","org":"Techoff Srv Limited"}